city,street,segment_id,point_id,distance_m,lon,lat,heading_road,heading_sidewalk_right,heading_sidewalk_left,image_file,image_path,gsv_status,gsv_url_sidewalk
"Philadelphia, Pennsylvania, USA",Market Street,0,0,0.0,-75.24718269999998,39.96271469999999,98.52655979452965,188.52655979452965,8.526559794529646,idx0000_seg0_pt0_h189.jpg,gsv_sidewalk_250m\idx0000_seg0_pt0_h189.jpg,200,"https://www.google.com/maps/@?api=1&map_action=pano&viewpoint=39.96271469999999,-75.24718269999998&heading=188.52655979452965"
"Philadelphia, Pennsylvania, USA",Market Street,0,1,250.0,-75.24496237248505,39.96245955756239,99.17879742567412,189.17879742567413,9.178797425674134,idx0001_seg0_pt1_h189.jpg,gsv_sidewalk_250m\idx0001_seg0_pt1_h189.jpg,200,"https://www.google.com/maps/@?api=1&map_action=pano&viewpoint=39.96245955756239,-75.24496237248505&heading=189.17879742567413"
"Philadelphia, Pennsylvania, USA",Market Street,0,2,500.0,-75.24274534103313,39.96218497931719,99.18171909816216,189.18171909816212,9.181719098162148,idx0002_seg0_pt2_h189.jpg,gsv_sidewalk_250m\idx0002_seg0_pt2_h189.jpg,200,"https://www.google.com/maps/@?api=1&map_action=pano&viewpoint=39.96218497931719,-75.24274534103313&heading=189.18171909816212"
"Philadelphia, Pennsylvania, USA",Market Street,0,3,750.0,-75.24052838929151,39.96191032092983,99.13339165926892,189.1333916592689,9.13339165926891,idx0003_seg0_pt3_h189.jpg,gsv_sidewalk_250m\idx0003_seg0_pt3_h189.jpg,200,"https://www.google.com/maps/@?api=1&map_action=pano&viewpoint=39.96191032092983,-75.24052838929151&heading=189.1333916592689"
"Philadelphia, Pennsylvania, USA",Market Street,0,4,1000.0,-75.23831107704665,39.96163708752204,99.21977856322115,189.21977856322115,9.219778563221157,idx0004_seg0_pt4_h189.jpg,gsv_sidewalk_250m\idx0004_seg0_pt4_h189.jpg,200,"https://www.google.com/maps/@?api=1&map_action=pano&viewpoint=39.96163708752204,-75.23831107704665&heading=189.21977856322115"
"Philadelphia, Pennsylvania, USA",Market Street,0,5,1250.0,-75.23609430803162,39.96136129130775,99.17945702124956,189.1794570212496,9.17945702124956,idx0005_seg0_pt5_h189.jpg,gsv_sidewalk_250m\idx0005_seg0_pt5_h189.jpg,200,"https://www.google.com/maps/@?api=1&map_action=pano&viewpoint=39.96136129130775,-75.23609430803162&heading=189.1794570212496"
"Philadelphia, Pennsylvania, USA",Market Street,0,6,1500.0,-75.23387728060348,39.96108668907702,99.18071470447616,189.18071470447612,9.180714704476143,idx0006_seg0_pt6_h189.jpg,gsv_sidewalk_250m\idx0006_seg0_pt6_h189.jpg,200,"https://www.google.com/maps/@?api=1&map_action=pano&viewpoint=39.96108668907702,-75.23387728060348&heading=189.18071470447612"
"Philadelphia, Pennsylvania, USA",Market Street,0,7,1750.0,-75.2316602609749,39.960812048434285,99.17839955196716,189.1783995519672,9.178399551967177,idx0007_seg0_pt7_h189.jpg,gsv_sidewalk_250m\idx0007_seg0_pt7_h189.jpg,200,"https://www.google.com/maps/@?api=1&map_action=pano&viewpoint=39.960812048434285,-75.2316602609749&heading=189.1783995519672"
"Philadelphia, Pennsylvania, USA",Market Street,0,8,2000.0,-75.22944322686023,39.96053747535183,99.18003245239584,189.18003245239584,9.180032452395835,idx0008_seg0_pt8_h189.jpg,gsv_sidewalk_250m\idx0008_seg0_pt8_h189.jpg,200,"https://www.google.com/maps/@?api=1&map_action=pano&viewpoint=39.96053747535183,-75.22944322686023&heading=189.18003245239584"
"Philadelphia, Pennsylvania, USA",Market Street,0,9,2250.0,-75.22722620297935,39.960262852739696,99.17914665673815,189.17914665673817,9.179146656738167,idx0009_seg0_pt9_h189.jpg,gsv_sidewalk_250m\idx0009_seg0_pt9_h189.jpg,200,"https://www.google.com/maps/@?api=1&map_action=pano&viewpoint=39.960262852739696,-75.22722620297935&heading=189.17914665673817"
"Philadelphia, Pennsylvania, USA",Market Street,0,10,2500.0,-75.22500917358343,39.95998825529939,99.19301146103491,189.19301146103493,9.193011461034928,idx0010_seg0_pt10_h189.jpg,gsv_sidewalk_250m\idx0010_seg0_pt10_h189.jpg,200,"https://www.google.com/maps/@?api=1&map_action=pano&viewpoint=39.95998825529939,-75.22500917358343&heading=189.19301146103493"
"Philadelphia, Pennsylvania, USA",Market Street,0,11,2750.0,-75.22279223101081,39.95971324555417,99.19224533737496,189.19224533737497,9.19224533737497,idx0011_seg0_pt11_h189.jpg,gsv_sidewalk_250m\idx0011_seg0_pt11_h189.jpg,200,"https://www.google.com/maps/@?api=1&map_action=pano&viewpoint=39.95971324555417,-75.22279223101081&heading=189.19224533737497"
"Philadelphia, Pennsylvania, USA",Market Street,0,12,3000.0,-75.22057528353018,39.95943825741099,99.1910761946105,189.1910761946105,9.191076194610504,idx0012_seg0_pt12_h189.jpg,gsv_sidewalk_250m\idx0012_seg0_pt12_h189.jpg,200,"https://www.google.com/maps/@?api=1&map_action=pano&viewpoint=39.95943825741099,-75.22057528353018&heading=189.1910761946105"
"Philadelphia, Pennsylvania, USA",Market Street,0,13,3250.0,-75.21835832874412,39.95916330283862,99.19343983429836,189.1934398342984,9.193439834298374,idx0013_seg0_pt13_h189.jpg,gsv_sidewalk_250m\idx0013_seg0_pt13_h189.jpg,200,"https://www.google.com/maps/@?api=1&map_action=pano&viewpoint=39.95916330283862,-75.21835832874412&heading=189.1934398342984"
"Philadelphia, Pennsylvania, USA",Market Street,0,14,3500.0,-75.2161413888285,39.95888827706761,99.1910958051709,189.1910958051709,9.191095805170905,idx0014_seg0_pt14_h189.jpg,gsv_sidewalk_250m\idx0014_seg0_pt14_h189.jpg,200,"https://www.google.com/maps/@?api=1&map_action=pano&viewpoint=39.95888827706761,-75.2161413888285&heading=189.1910958051709"
"Philadelphia, Pennsylvania, USA",Market Street,0,15,3750.0,-75.21392443409172,39.95861331969309,99.1910958051709,189.1910958051709,9.191095805170905,idx0015_seg0_pt15_h189.jpg,gsv_sidewalk_250m\idx0015_seg0_pt15_h189.jpg,200,"https://www.google.com/maps/@?api=1&map_action=pano&viewpoint=39.95861331969309,-75.21392443409172&heading=189.1910958051709"
"Philadelphia, Pennsylvania, USA",Market Street,1,0,0.0,-75.2120897,39.9584176,280.2429463579675,10.242946357967526,190.24294635796755,idx0016_seg1_pt0_h10.jpg,gsv_sidewalk_250m\idx0016_seg1_pt0_h10.jpg,200,"https://www.google.com/maps/@?api=1&map_action=pano&viewpoint=39.9584176,-75.2120897&heading=10.242946357967526"
"Philadelphia, Pennsylvania, USA",Market Street,1,1,250.0,-75.21429672500808,39.95872329495522,279.1911179737051,9.191117973705104,189.1911179737051,idx0017_seg1_pt1_h9.jpg,gsv_sidewalk_250m\idx0017_seg1_pt1_h9.jpg,200,"https://www.google.com/maps/@?api=1&map_action=pano&viewpoint=39.95872329495522,-75.21429672500808&heading=9.191117973705104"
"Philadelphia, Pennsylvania, USA",Market Street,1,2,500.0,-75.21651367962909,39.95899825254788,279.19261557110843,9.192615571108432,189.19261557110843,idx0018_seg1_pt2_h9.jpg,gsv_sidewalk_250m\idx0018_seg1_pt2_h9.jpg,200,"https://www.google.com/maps/@?api=1&map_action=pano&viewpoint=39.95899825254788,-75.21651367962909&heading=9.192615571108432"
"Philadelphia, Pennsylvania, USA",Market Street,1,3,750.0,-75.2187306248601,39.9592732534495,279.1907944713699,9.190794471369884,189.19079447136988,idx0019_seg1_pt3_h9.jpg,gsv_sidewalk_250m\idx0019_seg1_pt3_h9.jpg,200,"https://www.google.com/maps/@?api=1&map_action=pano&viewpoint=39.9592732534495,-75.2187306248601&heading=9.190794471369884"
"Philadelphia, Pennsylvania, USA",Market Street,1,4,1000.0,-75.22094758140466,39.9595481992237,279.19313777962753,9.193137779627534,189.19313777962756,idx0020_seg1_pt4_h9.jpg,gsv_sidewalk_250m\idx0020_seg1_pt4_h9.jpg,200,"https://www.google.com/maps/@?api=1&map_action=pano&viewpoint=39.9595481992237,-75.22094758140466&heading=9.193137779627534"
"Philadelphia, Pennsylvania, USA",Market Street,1,5,1250.0,-75.2231645232568,39.95982321338781,279.1905041434838,9.190504143483793,189.1905041434838,idx0021_seg1_pt5_h9.jpg,gsv_sidewalk_250m\idx0021_seg1_pt5_h9.jpg,200,"https://www.google.com/maps/@?api=1&map_action=pano&viewpoint=39.95982321338781,-75.2231645232568&heading=9.190504143483793"
"Philadelphia, Pennsylvania, USA",Market Street,1,6,1500.0,-75.22538148169689,39.960098148349815,279.1804085053841,9.180408505384094,189.1804085053841,idx0022_seg1_pt6_h9.jpg,gsv_sidewalk_250m\idx0022_seg1_pt6_h9.jpg,200,"https://www.google.com/maps/@?api=1&map_action=pano&viewpoint=39.960098148349815,-75.22538148169689&heading=9.180408505384094"
"Philadelphia, Pennsylvania, USA",Market Street,1,7,1750.0,-75.22759850323818,39.96037278277821,279.17890630162054,9.178906301620543,189.17890630162051,idx0023_seg1_pt7_h9.jpg,gsv_sidewalk_250m\idx0023_seg1_pt7_h9.jpg,200,"https://www.google.com/maps/@?api=1&map_action=pano&viewpoint=39.96037278277821,-75.22759850323818&heading=9.178906301620543"
"Philadelphia, Pennsylvania, USA",Market Street,1,8,2000.0,-75.22981553406564,39.96064737153685,279.1786170478648,9.178617047864805,189.1786170478648,idx0024_seg1_pt8_h9.jpg,gsv_sidewalk_250m\idx0024_seg1_pt8_h9.jpg,200,"https://www.google.com/maps/@?api=1&map_action=pano&viewpoint=39.96064737153685,-75.22981553406564&heading=9.178617047864805"
"Philadelphia, Pennsylvania, USA",Market Street,1,9,2250.0,-75.23203256686189,39.96092195063379,279.180315851385,9.18031585138499,189.180315851385,idx0025_seg1_pt9_h9.jpg,gsv_sidewalk_250m\idx0025_seg1_pt9_h9.jpg,200,"https://www.google.com/maps/@?api=1&map_action=pano&viewpoint=39.96092195063379,-75.23203256686189&heading=9.18031585138499"
"Philadelphia, Pennsylvania, USA",Market Street,1,10,2500.0,-75.2342495887977,39.96119657898258,279.17906600529045,9.179066005290451,189.17906600529045,idx0026_seg1_pt10_h9.jpg,gsv_sidewalk_250m\idx0026_seg1_pt10_h9.jpg,200,"https://www.google.com/maps/@?api=1&map_action=pano&viewpoint=39.96119657898258,-75.2342495887977&heading=9.179066005290451"
"Philadelphia, Pennsylvania, USA",Market Street,1,11,2750.0,-75.2364666186964,39.96147116917825,279.179821118948,9.179821118947984,189.179821118948,idx0027_seg1_pt11_h9.jpg,gsv_sidewalk_250m\idx0027_seg1_pt11_h9.jpg,200,"https://www.google.com/maps/@?api=1&map_action=pano&viewpoint=39.96147116917825,-75.2364666186964&heading=9.179821118947984"
"Philadelphia, Pennsylvania, USA",Market Street,1,12,3000.0,-75.2386836439597,39.96174578067725,279.1762421655064,9.17624216550638,189.1762421655064,idx0028_seg1_pt12_h9.jpg,gsv_sidewalk_250m\idx0028_seg1_pt12_h9.jpg,200,"https://www.google.com/maps/@?api=1&map_action=pano&viewpoint=39.96174578067725,-75.2386836439597&heading=9.17624216550638"
"Philadelphia, Pennsylvania, USA",Market Street,1,13,3250.0,-75.24090069100559,39.96202028485443,279.1816545443638,9.181654544363823,189.18165454436385,idx0029_seg1_pt13_h9.jpg,gsv_sidewalk_250m\idx0029_seg1_pt13_h9.jpg,200,"https://www.google.com/maps/@?api=1&map_action=pano&viewpoint=39.96202028485443,-75.24090069100559&heading=9.181654544363823"
"Philadelphia, Pennsylvania, USA",Market Street,1,14,3500.0,-75.24311770473734,39.96229494851545,279.17883309531504,9.178833095315042,189.17883309531504,idx0030_seg1_pt14_h9.jpg,gsv_sidewalk_250m\idx0030_seg1_pt14_h9.jpg,200,"https://www.google.com/maps/@?api=1&map_action=pano&viewpoint=39.96229494851545,-75.24311770473734&heading=9.178833095315042"
"Philadelphia, Pennsylvania, USA",Market Street,1,15,3750.0,-75.24533473616619,39.96256952740168,279.17883309531504,9.178833095315042,189.17883309531504,idx0031_seg1_pt15_h9.jpg,gsv_sidewalk_250m\idx0031_seg1_pt15_h9.jpg,200,"https://www.google.com/maps/@?api=1&map_action=pano&viewpoint=39.96256952740168,-75.24533473616619&heading=9.178833095315042"
"Philadelphia, Pennsylvania, USA",Market Street,2,0,0.0,-75.16521699999998,39.9525756,279.26769999547537,9.267699995475368,189.26769999547537,idx0032_seg2_pt0_h9.jpg,gsv_sidewalk_250m\idx0032_seg2_pt0_h9.jpg,200,"https://www.google.com/maps/@?api=1&map_action=pano&viewpoint=39.9525756,-75.16521699999998&heading=9.267699995475368"
"Philadelphia, Pennsylvania, USA",Market Street,2,1,250.0,-75.16743347283999,39.95285285353131,279.2687200210005,9.26872002100049,189.2687200210005,idx0033_seg2_pt1_h9.jpg,gsv_sidewalk_250m\idx0033_seg2_pt1_h9.jpg,200,"https://www.google.com/maps/@?api=1&map_action=pano&viewpoint=39.95285285353131,-75.16743347283999&heading=9.26872002100049"
"Philadelphia, Pennsylvania, USA",Market Street,2,2,500.0,-75.1696499395475,39.95313013622551,279.2385323712972,9.238532371297197,189.2385323712972,idx0034_seg2_pt2_h9.jpg,gsv_sidewalk_250m\idx0034_seg2_pt2_h9.jpg,200,"https://www.google.com/maps/@?api=1&map_action=pano&viewpoint=39.95313013622551,-75.1696499395475&heading=9.238532371297197"
"Philadelphia, Pennsylvania, USA",Market Street,2,3,750.0,-75.17186658616048,39.95340652126894,279.710777046221,9.710777046220985,189.71077704622095,idx0035_seg2_pt3_h10.jpg,gsv_sidewalk_250m\idx0035_seg2_pt3_h10.jpg,200,"https://www.google.com/maps/@?api=1&map_action=pano&viewpoint=39.95340652126894,-75.17186658616048&heading=9.710777046220985"
"Philadelphia, Pennsylvania, USA",Market Street,2,4,1000.0,-75.17407946178015,39.953696805868574,279.1379326653482,9.137932665348217,189.13793266534825,idx0036_seg2_pt4_h9.jpg,gsv_sidewalk_250m\idx0036_seg2_pt4_h9.jpg,200,"https://www.google.com/maps/@?api=1&map_action=pano&viewpoint=39.953696805868574,-75.17407946178015&heading=9.137932665348217"
"Philadelphia, Pennsylvania, USA",Market Street,2,5,1250.0,-75.17629672647764,39.95397020333569,278.82845785076296,8.828457850762959,188.82845785076296,idx0037_seg2_pt5_h9.jpg,gsv_sidewalk_250m\idx0037_seg2_pt5_h9.jpg,200,"https://www.google.com/maps/@?api=1&map_action=pano&viewpoint=39.95397020333569,-75.17629672647764&heading=8.828457850762959"
"Philadelphia, Pennsylvania, USA",Market Street,2,6,1500.0,-75.17851551621916,39.95423437135965,279.5141546805347,9.514154680534716,189.51415468053472,idx0038_seg2_pt6_h10.jpg,gsv_sidewalk_250m\idx0038_seg2_pt6_h10.jpg,200,"https://www.google.com/maps/@?api=1&map_action=pano&viewpoint=39.95423437135965,-75.17851551621916&heading=9.514154680534716"
"Philadelphia, Pennsylvania, USA",Market Street,2,7,1750.0,-75.18073041306661,39.95451892397059,279.41150983529474,9.411509835294735,189.41150983529477,idx0039_seg2_pt7_h9.jpg,gsv_sidewalk_250m\idx0039_seg2_pt7_h9.jpg,200,"https://www.google.com/maps/@?api=1&map_action=pano&viewpoint=39.95451892397059,-75.18073041306661&heading=9.411509835294735"
"Philadelphia, Pennsylvania, USA",Market Street,2,8,2000.0,-75.18294587061649,39.954800420490095,279.229175212965,9.229175212965004,189.229175212965,idx0040_seg2_pt8_h9.jpg,gsv_sidewalk_250m\idx0040_seg2_pt8_h9.jpg,200,"https://www.google.com/maps/@?api=1&map_action=pano&viewpoint=39.954800420490095,-75.18294587061649&heading=9.229175212965004"
"Philadelphia, Pennsylvania, USA",Market Street,2,9,2250.0,-75.18516257973222,39.95507652173845,279.0606523430687,9.060652343068682,189.06065234306868,idx0041_seg2_pt9_h9.jpg,gsv_sidewalk_250m\idx0041_seg2_pt9_h9.jpg,200,"https://www.google.com/maps/@?api=1&map_action=pano&viewpoint=39.95507652173845,-75.18516257973222&heading=9.060652343068682"
"Philadelphia, Pennsylvania, USA",Market Street,2,10,2500.0,-75.1873801400445,39.95534759856169,279.29904604277726,9.299046042777263,189.2990460427773,idx0042_seg2_pt10_h9.jpg,gsv_sidewalk_250m\idx0042_seg2_pt10_h9.jpg,200,"https://www.google.com/maps/@?api=1&map_action=pano&viewpoint=39.95534759856169,-75.1873801400445&heading=9.299046042777263"
"Philadelphia, Pennsylvania, USA",Market Street,2,11,2750.0,-75.18959635979697,39.95562576344548,279.074524234315,9.074524234314993,189.074524234315,idx0043_seg2_pt11_h9.jpg,gsv_sidewalk_250m\idx0043_seg2_pt11_h9.jpg,200,"https://www.google.com/maps/@?api=1&map_action=pano&viewpoint=39.95562576344548,-75.18959635979697&heading=9.074524234314993"
"Philadelphia, Pennsylvania, USA",Market Street,2,12,3000.0,-75.19181402159327,39.955897272548825,279.2854205420016,9.285420542001589,189.2854205420016,idx0044_seg2_pt12_h9.jpg,gsv_sidewalk_250m\idx0044_seg2_pt12_h9.jpg,200,"https://www.google.com/maps/@?api=1&map_action=pano&viewpoint=39.955897272548825,-75.19181402159327&heading=9.285420542001589"
"Philadelphia, Pennsylvania, USA",Market Street,2,13,3250.0,-75.19403038256264,39.95617503808552,279.28549539204613,9.28549539204613,189.28549539204613,idx0045_seg2_pt13_h9.jpg,gsv_sidewalk_250m\idx0045_seg2_pt13_h9.jpg,200,"https://www.google.com/maps/@?api=1&map_action=pano&viewpoint=39.95617503808552,-75.19403038256264&heading=9.28549539204613"
"Philadelphia, Pennsylvania, USA",Market Street,2,14,3500.0,-75.1962466222368,39.95645278957144,279.15977372555443,9.15977372555443,189.15977372555443,idx0046_seg2_pt14_h9.jpg,gsv_sidewalk_250m\idx0046_seg2_pt14_h9.jpg,200,"https://www.google.com/maps/@?api=1&map_action=pano&viewpoint=39.95645278957144,-75.1962466222368&heading=9.15977372555443"
"Philadelphia, Pennsylvania, USA",Market Street,2,15,3750.0,-75.19846376627298,39.95672682579654,279.1966653015386,9.196665301538587,189.1966653015386,idx0047_seg2_pt15_h9.jpg,gsv_sidewalk_250m\idx0047_seg2_pt15_h9.jpg,200,"https://www.google.com/maps/@?api=1&map_action=pano&viewpoint=39.95672682579654,-75.19846376627298&heading=9.196665301538587"
"Philadelphia, Pennsylvania, USA",Market Street,2,16,4000.0,-75.20068068524381,39.95700195583254,279.195930690545,9.195930690545026,189.19593069054503,idx0048_seg2_pt16_h9.jpg,gsv_sidewalk_250m\idx0048_seg2_pt16_h9.jpg,200,"https://www.google.com/maps/@?api=1&map_action=pano&viewpoint=39.95700195583254,-75.20068068524381&heading=9.195930690545026"
"Philadelphia, Pennsylvania, USA",Market Street,2,17,4250.0,-75.2028976082705,39.95727706290625,279.1930023005371,9.193002300537104,189.1930023005371,idx0049_seg2_pt17_h9.jpg,gsv_sidewalk_250m\idx0049_seg2_pt17_h9.jpg,200,"https://www.google.com/maps/@?api=1&map_action=pano&viewpoint=39.95727706290625,-75.2028976082705&heading=9.193002300537104"
"Philadelphia, Pennsylvania, USA",Market Street,2,18,4500.0,-75.20511455107373,39.95755208219886,279.1960731640792,9.196073164079166,189.1960731640792,idx0050_seg2_pt18_h9.jpg,gsv_sidewalk_250m\idx0050_seg2_pt18_h9.jpg,200,"https://www.google.com/maps/@?api=1&map_action=pano&viewpoint=39.95755208219886,-75.20511455107373&heading=9.196073164079166"
"Philadelphia, Pennsylvania, USA",Market Street,2,19,4750.0,-75.2073314745336,39.95782719144955,279.198565577834,9.19856557783396,189.198565577834,idx0051_seg2_pt19_h9.jpg,gsv_sidewalk_250m\idx0051_seg2_pt19_h9.jpg,200,"https://www.google.com/maps/@?api=1&map_action=pano&viewpoint=39.95782719144955,-75.2073314745336&heading=9.19856557783396"
"Philadelphia, Pennsylvania, USA",Market Street,2,20,5000.0,-75.20954829865829,39.95810236312226,279.19171928555164,9.191719285551642,189.19171928555164,idx0052_seg2_pt20_h9.jpg,gsv_sidewalk_250m\idx0052_seg2_pt20_h9.jpg,200,"https://www.google.com/maps/@?api=1&map_action=pano&viewpoint=39.95810236312226,-75.20954829865829&heading=9.191719285551642"
"Philadelphia, Pennsylvania, USA",Market Street,2,21,5250.0,-75.21176524945714,39.95837734103863,279.19171928555164,9.191719285551642,189.19171928555164,idx0053_seg2_pt21_h9.jpg,gsv_sidewalk_250m\idx0053_seg2_pt21_h9.jpg,200,"https://www.google.com/maps/@?api=1&map_action=pano&viewpoint=39.95837734103863,-75.21176524945714&heading=9.191719285551642"
"Philadelphia, Pennsylvania, USA",Market Street,3,0,0.0,-75.1627087,39.9517882,0.0,90.0,270.0,idx0054_seg3_pt0_h90.jpg,gsv_sidewalk_250m\idx0054_seg3_pt0_h90.jpg,200,"https://www.google.com/maps/@?api=1&map_action=pano&viewpoint=39.9517882,-75.1627087&heading=90.0"
"Philadelphia, Pennsylvania, USA",Market Street,4,0,0.0,-75.16208359999999,39.9521953,0.0,90.0,270.0,idx0055_seg4_pt0_h90.jpg,gsv_sidewalk_250m\idx0055_seg4_pt0_h90.jpg,200,"https://www.google.com/maps/@?api=1&map_action=pano&viewpoint=39.9521953,-75.16208359999999&heading=90.0"
"Philadelphia, Pennsylvania, USA",Market Street,5,0,0.0,-75.14893379999998,39.950563,279.1327259335988,9.132725933598806,189.1327259335988,idx0056_seg5_pt0_h9.jpg,gsv_sidewalk_250m\idx0056_seg5_pt0_h9.jpg,200,"https://www.google.com/maps/@?api=1&map_action=pano&viewpoint=39.950563,-75.14893379999998&heading=9.132725933598806"
"Philadelphia, Pennsylvania, USA",Market Street,5,1,250.0,-75.15115110610117,39.95083625663821,279.2092765732448,9.20927657324478,189.2092765732448,idx0057_seg5_pt1_h9.jpg,gsv_sidewalk_250m\idx0057_seg5_pt1_h9.jpg,200,"https://www.google.com/maps/@?api=1&map_action=pano&viewpoint=39.95083625663821,-75.15115110610117&heading=9.20927657324478"
"Philadelphia, Pennsylvania, USA",Market Street,5,2,500.0,-75.15336794680871,39.95111178453142,279.21370506740243,9.21370506740243,189.21370506740243,idx0058_seg5_pt2_h9.jpg,gsv_sidewalk_250m\idx0058_seg5_pt2_h9.jpg,200,"https://www.google.com/maps/@?api=1&map_action=pano&viewpoint=39.95111178453142,-75.15336794680871&heading=9.21370506740243"
"Philadelphia, Pennsylvania, USA",Market Street,5,3,750.0,-75.1555847593301,39.95138744261448,279.20732460623003,9.207324606230031,189.20732460623003,idx0059_seg5_pt3_h9.jpg,gsv_sidewalk_250m\idx0059_seg5_pt3_h9.jpg,200,"https://www.google.com/maps/@?api=1&map_action=pano&viewpoint=39.95138744261448,-75.1555847593301&heading=9.207324606230031"
"Philadelphia, Pennsylvania, USA",Market Street,5,4,1000.0,-75.15780161202345,39.95166291035967,279.21261243878337,9.212612438783369,189.21261243878337,idx0060_seg5_pt4_h9.jpg,gsv_sidewalk_250m\idx0060_seg5_pt4_h9.jpg,200,"https://www.google.com/maps/@?api=1&map_action=pano&viewpoint=39.95166291035967,-75.15780161202345&heading=9.212612438783369"
"Philadelphia, Pennsylvania, USA",Market Street,5,5,1250.0,-75.16001842084772,39.95193853250244,279.21261243878337,9.212612438783369,189.21261243878337,idx0061_seg5_pt5_h9.jpg,gsv_sidewalk_250m\idx0061_seg5_pt5_h9.jpg,200,"https://www.google.com/maps/@?api=1&map_action=pano&viewpoint=39.95193853250244,-75.16001842084772&heading=9.212612438783369"
"Philadelphia, Pennsylvania, USA",Market Street,6,0,0.0,-75.140369,39.9482223,358.0402910919279,88.04029109192788,268.0402910919279,idx0062_seg6_pt0_h88.jpg,gsv_sidewalk_250m\idx0062_seg6_pt0_h88.jpg,200,"https://www.google.com/maps/@?api=1&map_action=pano&viewpoint=39.9482223,-75.140369&heading=88.04029109192788"
"Philadelphia, Pennsylvania, USA",Market Street,6,1,250.0,-75.14043639371371,39.94973223844606,278.0449418496207,8.044941849620727,188.04494184962076,idx0063_seg6_pt1_h8.jpg,gsv_sidewalk_250m\idx0063_seg6_pt1_h8.jpg,200,"https://www.google.com/maps/@?api=1&map_action=pano&viewpoint=39.94973223844606,-75.14043639371371&heading=8.044941849620727"
"Philadelphia, Pennsylvania, USA",Market Street,6,2,500.0,-75.14265835517317,39.94997299421275,274.09276678459275,4.092766784592754,184.09276678459275,idx0064_seg6_pt2_h4.jpg,gsv_sidewalk_250m\idx0064_seg6_pt2_h4.jpg,200,"https://www.google.com/maps/@?api=1&map_action=pano&viewpoint=39.94997299421275,-75.14265835517317&heading=4.092766784592754"
"Philadelphia, Pennsylvania, USA",Market Street,6,3,750.0,-75.14488862185861,39.95009533244399,279.2436366577556,9.243636657755587,189.2436366577556,idx0065_seg6_pt3_h9.jpg,gsv_sidewalk_250m\idx0065_seg6_pt3_h9.jpg,200,"https://www.google.com/maps/@?api=1&map_action=pano&viewpoint=39.95009533244399,-75.14488862185861&heading=9.243636657755587"
"Philadelphia, Pennsylvania, USA",Market Street,6,4,1000.0,-75.14710524671666,39.95037188242713,279.2436366577556,9.243636657755587,189.2436366577556,idx0066_seg6_pt4_h9.jpg,gsv_sidewalk_250m\idx0066_seg6_pt4_h9.jpg,200,"https://www.google.com/maps/@?api=1&map_action=pano&viewpoint=39.95037188242713,-75.14710524671666&heading=9.243636657755587"
"Philadelphia, Pennsylvania, USA",Market Street,7,0,0.0,-75.14893379999998,39.950563,100.18953205014031,190.18953205014031,10.189532050140317,idx0067_seg7_pt0_h190.jpg,gsv_sidewalk_250m\idx0067_seg7_pt0_h190.jpg,200,"https://www.google.com/maps/@?api=1&map_action=pano&viewpoint=39.950563,-75.14893379999998&heading=190.18953205014031"
"Philadelphia, Pennsylvania, USA",Market Street,7,1,250.0,-75.14672794080451,39.95025905772715,99.20642455521352,189.20642455521352,9.206424555213516,idx0068_seg7_pt1_h189.jpg,gsv_sidewalk_250m\idx0068_seg7_pt1_h189.jpg,200,"https://www.google.com/maps/@?api=1&map_action=pano&viewpoint=39.95025905772715,-75.14672794080451&heading=189.20642455521352"
"Philadelphia, Pennsylvania, USA",Market Street,7,2,500.0,-75.14451108210687,39.94998361098005,99.39957893365306,189.39957893365303,9.39957893365306,idx0069_seg7_pt2_h189.jpg,gsv_sidewalk_250m\idx0069_seg7_pt2_h189.jpg,200,"https://www.google.com/maps/@?api=1&map_action=pano&viewpoint=39.94998361098005,-75.14451108210687&heading=189.39957893365303"
"Philadelphia, Pennsylvania, USA",Market Street,7,3,750.0,-75.14229546135319,39.949702437290135,177.8968347051042,267.8968347051042,87.8968347051042,idx0070_seg7_pt3_h268.jpg,gsv_sidewalk_250m\idx0070_seg7_pt3_h268.jpg,200,"https://www.google.com/maps/@?api=1&map_action=pano&viewpoint=39.949702437290135,-75.14229546135319&heading=267.8968347051042"
"Philadelphia, Pennsylvania, USA",Market Street,7,4,1000.0,-75.14222110353035,39.94815019580534,189.174445816702,279.174445816702,99.17444581670202,idx0071_seg7_pt4_h279.jpg,gsv_sidewalk_250m\idx0071_seg7_pt4_h279.jpg,200,"https://www.google.com/maps/@?api=1&map_action=pano&viewpoint=39.94815019580534,-75.14222110353035&heading=279.174445816702"
"Philadelphia, Pennsylvania, USA",Market Street,7,5,1250.0,-75.14257917401561,39.94645052017435,189.20821548379703,279.20821548379706,99.20821548379706,idx0072_seg7_pt5_h279.jpg,gsv_sidewalk_250m\idx0072_seg7_pt5_h279.jpg,200,"https://www.google.com/maps/@?api=1&map_action=pano&viewpoint=39.94645052017435,-75.14257917401561&heading=279.20821548379706"
"Philadelphia, Pennsylvania, USA",Market Street,7,6,1500.0,-75.14293855095775,39.94475096534242,188.91341614028315,278.9134161402832,98.91341614028316,idx0073_seg7_pt6_h279.jpg,gsv_sidewalk_250m\idx0073_seg7_pt6_h279.jpg,200,"https://www.google.com/maps/@?api=1&map_action=pano&viewpoint=39.94475096534242,-75.14293855095775&heading=278.9134161402832"
"Philadelphia, Pennsylvania, USA",Market Street,7,7,1750.0,-75.14328650882369,39.94305001327624,186.88224564291104,276.882245642911,96.88224564291104,idx0074_seg7_pt7_h277.jpg,gsv_sidewalk_250m\idx0074_seg7_pt7_h277.jpg,200,"https://www.google.com/maps/@?api=1&map_action=pano&viewpoint=39.94305001327624,-75.14328650882369&heading=276.882245642911"
"Philadelphia, Pennsylvania, USA",Market Street,7,8,2000.0,-75.14355561039402,39.94134065079419,185.65015965664497,275.650159656645,95.65015965664496,idx0075_seg7_pt8_h276.jpg,gsv_sidewalk_250m\idx0075_seg7_pt8_h276.jpg,200,"https://www.google.com/maps/@?api=1&map_action=pano&viewpoint=39.94134065079419,-75.14355561039402&heading=275.650159656645"
"Philadelphia, Pennsylvania, USA",Market Street,7,9,2250.0,-75.14377663635518,39.93962777328683,185.65015965664497,275.650159656645,95.65015965664496,idx0076_seg7_pt9_h276.jpg,gsv_sidewalk_250m\idx0076_seg7_pt9_h276.jpg,200,"https://www.google.com/maps/@?api=1&map_action=pano&viewpoint=39.93962777328683,-75.14377663635518&heading=275.650159656645"
"Philadelphia, Pennsylvania, USA",Market Street,8,0,0.0,-75.14070189999998,39.964144,96.4891243960052,186.4891243960052,6.489124396005195,idx0077_seg8_pt0_h186.jpg,gsv_sidewalk_250m\idx0077_seg8_pt0_h186.jpg,200,"https://www.google.com/maps/@?api=1&map_action=pano&viewpoint=39.964144,-75.14070189999998&heading=186.4891243960052"
"Philadelphia, Pennsylvania, USA",Market Street,8,1,250.0,-75.13916986251982,39.964010439621546,15.230974587124706,105.2309745871247,285.2309745871247,idx0078_seg8_pt1_h105.jpg,gsv_sidewalk_250m\idx0078_seg8_pt1_h105.jpg,200,"https://www.google.com/maps/@?api=1&map_action=pano&viewpoint=39.964010439621546,-75.13916986251982&heading=105.2309745871247"
"Philadelphia, Pennsylvania, USA",Market Street,8,2,500.0,-75.13857992229777,39.96567109053456,15.230974587124706,105.2309745871247,285.2309745871247,idx0079_seg8_pt2_h105.jpg,gsv_sidewalk_250m\idx0079_seg8_pt2_h105.jpg,200,"https://www.google.com/maps/@?api=1&map_action=pano&viewpoint=39.96567109053456,-75.13857992229777&heading=105.2309745871247"
"Philadelphia, Pennsylvania, USA",Chestnut Street,0,0,0.0,-75.24707859999998,39.961197,99.18052284755754,189.18052284755757,9.18052284755754,idx0080_seg0_pt0_h189.jpg,gsv_sidewalk_250m\idx0080_seg0_pt0_h189.jpg,200,"https://www.google.com/maps/@?api=1&map_action=pano&viewpoint=39.961197,-75.24707859999998&heading=189.18052284755757"
"Philadelphia, Pennsylvania, USA",Chestnut Street,0,1,250.0,-75.24486157916112,39.96092236548923,99.18113461521376,189.18113461521372,9.18113461521375,idx0081_seg0_pt1_h189.jpg,gsv_sidewalk_250m\idx0081_seg0_pt1_h189.jpg,200,"https://www.google.com/maps/@?api=1&map_action=pano&viewpoint=39.96092236548923,-75.24486157916112&heading=189.18113461521372"
"Philadelphia, Pennsylvania, USA",Chestnut Street,0,2,500.0,-75.24264456208668,39.96064771172361,99.18037504043524,189.18037504043525,9.180375040435251,idx0082_seg0_pt2_h189.jpg,gsv_sidewalk_250m\idx0082_seg0_pt2_h189.jpg,200,"https://www.google.com/maps/@?api=1&map_action=pano&viewpoint=39.96064771172361,-75.24264456208668&heading=189.18037504043525"
"Philadelphia, Pennsylvania, USA",Chestnut Street,0,3,750.0,-75.2404275402974,39.960373079387175,99.17895215750788,189.1789521575079,9.178952157507863,idx0083_seg0_pt3_h189.jpg,gsv_sidewalk_250m\idx0083_seg0_pt3_h189.jpg,200,"https://www.google.com/maps/@?api=1&map_action=pano&viewpoint=39.960373079387175,-75.2404275402974&heading=189.1789521575079"
"Philadelphia, Pennsylvania, USA",Chestnut Street,0,4,1000.0,-75.23821050956745,39.960098488143565,99.18005812944466,189.18005812944463,9.18005812944466,idx0084_seg0_pt4_h189.jpg,gsv_sidewalk_250m\idx0084_seg0_pt4_h189.jpg,200,"https://www.google.com/maps/@?api=1&map_action=pano&viewpoint=39.960098488143565,-75.23821050956745&heading=189.18005812944463"
"Philadelphia, Pennsylvania, USA",Chestnut Street,0,5,1250.0,-75.23599348575677,39.95982386299562,99.17216852720702,189.17216852720705,9.17216852720702,idx0085_seg0_pt5_h189.jpg,gsv_sidewalk_250m\idx0085_seg0_pt5_h189.jpg,200,"https://www.google.com/maps/@?api=1&map_action=pano&viewpoint=39.95982386299562,-75.23599348575677&heading=189.17216852720705"
"Philadelphia, Pennsylvania, USA",Chestnut Street,0,6,1500.0,-75.23377641341183,39.959549470842894,99.17935695582452,189.1793569558245,9.179356955824517,idx0086_seg0_pt6_h189.jpg,gsv_sidewalk_250m\idx0086_seg0_pt6_h189.jpg,200,"https://www.google.com/maps/@?api=1&map_action=pano&viewpoint=39.959549470842894,-75.23377641341183&heading=189.1793569558245"
"Philadelphia, Pennsylvania, USA",Chestnut Street,0,7,1750.0,-75.23155938582235,39.95927486436134,99.18771137094753,189.1877113709475,9.187711370947511,idx0087_seg0_pt7_h189.jpg,gsv_sidewalk_250m\idx0087_seg0_pt7_h189.jpg,200,"https://www.google.com/maps/@?api=1&map_action=pano&viewpoint=39.95927486436134,-75.23155938582235&heading=189.1877113709475"
"Philadelphia, Pennsylvania, USA",Chestnut Street,0,8,2000.0,-75.22934241025493,39.95900000896284,99.18200028932574,189.1820002893257,9.182000289325742,idx0088_seg0_pt8_h189.jpg,gsv_sidewalk_250m\idx0088_seg0_pt8_h189.jpg,200,"https://www.google.com/maps/@?api=1&map_action=pano&viewpoint=39.95900000896284,-75.22934241025493&heading=189.1820002893257"
"Philadelphia, Pennsylvania, USA",Chestnut Street,0,9,2250.0,-75.22712539867874,39.95872532181081,99.18203011048536,189.18203011048536,9.182030110485355,idx0089_seg0_pt9_h189.jpg,gsv_sidewalk_250m\idx0089_seg0_pt9_h189.jpg,200,"https://www.google.com/maps/@?api=1&map_action=pano&viewpoint=39.95872532181081,-75.22712539867874&heading=189.18203011048536"
"Philadelphia, Pennsylvania, USA",Chestnut Street,0,10,2500.0,-75.22490838727587,39.95845063266926,99.197632632685,189.19763263268496,9.197632632684986,idx0090_seg0_pt10_h189.jpg,gsv_sidewalk_250m\idx0090_seg0_pt10_h189.jpg,200,"https://www.google.com/maps/@?api=1&map_action=pano&viewpoint=39.95845063266926,-75.22490838727587&heading=189.19763263268496"
"Philadelphia, Pennsylvania, USA",Chestnut Street,0,11,2750.0,-75.22269147346648,39.95817547966063,99.19806337653154,189.19806337653156,9.198063376531536,idx0091_seg0_pt11_h189.jpg,gsv_sidewalk_250m\idx0091_seg0_pt11_h189.jpg,200,"https://www.google.com/maps/@?api=1&map_action=pano&viewpoint=39.95817547966063,-75.22269147346648&heading=189.19806337653156"
"Philadelphia, Pennsylvania, USA",Chestnut Street,0,12,3000.0,-75.2204745623798,39.95790031277268,99.19726070183458,189.19726070183455,9.19726070183458,idx0092_seg0_pt12_h189.jpg,gsv_sidewalk_250m\idx0092_seg0_pt12_h189.jpg,200,"https://www.google.com/maps/@?api=1&map_action=pano&viewpoint=39.95790031277268,-75.2204745623798&heading=189.19726070183455"
"Philadelphia, Pennsylvania, USA",Chestnut Street,0,13,3250.0,-75.21825764634181,39.95762516859328,99.19995923155273,189.19995923155275,9.199959231552723,idx0093_seg0_pt13_h189.jpg,gsv_sidewalk_250m\idx0093_seg0_pt13_h189.jpg,200,"https://www.google.com/maps/@?api=1&map_action=pano&viewpoint=39.95762516859328,-75.21825764634181&heading=189.19995923155275"
"Philadelphia, Pennsylvania, USA",Chestnut Street,0,14,3500.0,-75.2160407538871,39.95734994410102,99.2130330829541,189.2130330829541,9.213033082954098,idx0094_seg0_pt14_h189.jpg,gsv_sidewalk_250m\idx0094_seg0_pt14_h189.jpg,200,"https://www.google.com/maps/@?api=1&map_action=pano&viewpoint=39.95734994410102,-75.2160407538871&heading=189.2130330829541"
"Philadelphia, Pennsylvania, USA",Chestnut Street,0,15,3750.0,-75.21382393730727,39.95707432999777,99.18412622439588,189.18412622439587,9.184126224395868,idx0095_seg0_pt15_h189.jpg,gsv_sidewalk_250m\idx0095_seg0_pt15_h189.jpg,200,"https://www.google.com/maps/@?api=1&map_action=pano&viewpoint=39.95707432999777,-75.21382393730727&heading=189.18412622439587"
"Philadelphia, Pennsylvania, USA",Chestnut Street,0,16,4000.0,-75.21160694000737,39.95679957217629,99.53549848701032,189.53549848701036,9.53549848701033,idx0096_seg0_pt16_h190.jpg,gsv_sidewalk_250m\idx0096_seg0_pt16_h190.jpg,200,"https://www.google.com/maps/@?api=1&map_action=pano&viewpoint=39.95679957217629,-75.21160694000737&heading=189.53549848701036"
"Philadelphia, Pennsylvania, USA",Chestnut Street,0,17,4250.0,-75.20939252727247,39.95651444112395,99.26133199801323,189.26133199801325,9.261331998013247,idx0097_seg0_pt17_h189.jpg,gsv_sidewalk_250m\idx0097_seg0_pt17_h189.jpg,200,"https://www.google.com/maps/@?api=1&map_action=pano&viewpoint=39.95651444112395,-75.20939252727247&heading=189.26133199801325"
"Philadelphia, Pennsylvania, USA",Chestnut Street,0,18,4500.0,-75.20717601865101,39.95623739181947,99.18903065743211,189.1890306574321,9.189030657432111,idx0098_seg0_pt18_h189.jpg,gsv_sidewalk_250m\idx0098_seg0_pt18_h189.jpg,200,"https://www.google.com/maps/@?api=1&map_action=pano&viewpoint=39.95623739181947,-75.20717601865101&heading=189.1890306574321"
"Philadelphia, Pennsylvania, USA",Chestnut Street,0,19,4750.0,-75.20495913251936,39.95596249514858,99.20809912596836,189.2080991259684,9.208099125968374,idx0099_seg0_pt19_h189.jpg,gsv_sidewalk_250m\idx0099_seg0_pt19_h189.jpg,200,"https://www.google.com/maps/@?api=1&map_action=pano&viewpoint=39.95596249514858,-75.20495913251936&heading=189.2080991259684"
"Philadelphia, Pennsylvania, USA",Chestnut Street,0,20,5000.0,-75.202742290712,39.95568702249796,99.15620532084574,189.15620532084571,9.156205320845745,idx0100_seg0_pt20_h189.jpg,gsv_sidewalk_250m\idx0100_seg0_pt20_h189.jpg,200,"https://www.google.com/maps/@?api=1&map_action=pano&viewpoint=39.95568702249796,-75.202742290712&heading=189.15620532084571"
"Philadelphia, Pennsylvania, USA",Chestnut Street,0,21,5250.0,-75.20052512791155,39.95541308838689,99.3098715437477,189.3098715437477,9.309871543747704,idx0101_seg0_pt21_h189.jpg,gsv_sidewalk_250m\idx0101_seg0_pt21_h189.jpg,200,"https://www.google.com/maps/@?api=1&map_action=pano&viewpoint=39.95541308838689,-75.20052512791155&heading=189.3098715437477"
"Philadelphia, Pennsylvania, USA",Chestnut Street,0,22,5500.0,-75.1983089572756,39.95513459921487,99.1375027499098,189.1375027499098,9.1375027499098,idx0102_seg0_pt22_h189.jpg,gsv_sidewalk_250m\idx0102_seg0_pt22_h189.jpg,200,"https://www.google.com/maps/@?api=1&map_action=pano&viewpoint=39.95513459921487,-75.1983089572756&heading=189.1375027499098"
"Philadelphia, Pennsylvania, USA",Chestnut Street,0,23,5750.0,-75.19609167907718,39.95486121782087,99.16875959742742,189.16875959742745,9.168759597427425,idx0103_seg0_pt23_h189.jpg,gsv_sidewalk_250m\idx0103_seg0_pt23_h189.jpg,200,"https://www.google.com/maps/@?api=1&map_action=pano&viewpoint=39.95486121782087,-75.19609167907718&heading=189.16875959742745"
"Philadelphia, Pennsylvania, USA",Chestnut Street,0,24,6000.0,-75.19387458931791,39.95458690735144,98.74817820293106,188.74817820293103,8.748178202931058,idx0104_seg0_pt24_h189.jpg,gsv_sidewalk_250m\idx0104_seg0_pt24_h189.jpg,200,"https://www.google.com/maps/@?api=1&map_action=pano&viewpoint=39.95458690735144,-75.19387458931791&heading=188.74817820293103"
"Philadelphia, Pennsylvania, USA",Chestnut Street,0,25,6250.0,-75.1916555161285,39.954325147318,99.20631971120582,189.20631971120585,9.206319711205822,idx0105_seg0_pt25_h189.jpg,gsv_sidewalk_250m\idx0105_seg0_pt25_h189.jpg,200,"https://www.google.com/maps/@?api=1&map_action=pano&viewpoint=39.954325147318,-75.1916555161285&heading=189.20631971120585"
"Philadelphia, Pennsylvania, USA",Chestnut Street,0,26,6500.0,-75.18943867247741,39.95404972200569,99.16785032497722,189.1678503249772,9.167850324977223,idx0106_seg0_pt26_h189.jpg,gsv_sidewalk_250m\idx0106_seg0_pt26_h189.jpg,200,"https://www.google.com/maps/@?api=1&map_action=pano&viewpoint=39.95404972200569,-75.18943867247741&heading=189.1678503249772"
"Philadelphia, Pennsylvania, USA",Chestnut Street,0,27,6750.0,-75.18722160368189,39.95377543854893,99.22355473584628,189.22355473584628,9.223554735846278,idx0107_seg0_pt27_h189.jpg,gsv_sidewalk_250m\idx0107_seg0_pt27_h189.jpg,200,"https://www.google.com/maps/@?api=1&map_action=pano&viewpoint=39.95377543854893,-75.18722160368189&heading=189.22355473584628"
"Philadelphia, Pennsylvania, USA",Chestnut Street,0,28,7000.0,-75.18500486472597,39.95349949942151,99.41222359731194,189.41222359731196,9.412223597311936,idx0108_seg0_pt28_h189.jpg,gsv_sidewalk_250m\idx0108_seg0_pt28_h189.jpg,200,"https://www.google.com/maps/@?api=1&map_action=pano&viewpoint=39.95349949942151,-75.18500486472597&heading=189.41222359731196"
"Philadelphia, Pennsylvania, USA",Chestnut Street,0,29,7250.0,-75.18278944989028,39.95321798123749,99.90903824060484,189.90903824060484,9.909038240604843,idx0109_seg0_pt29_h190.jpg,gsv_sidewalk_250m\idx0109_seg0_pt29_h190.jpg,200,"https://www.google.com/maps/@?api=1&map_action=pano&viewpoint=39.95321798123749,-75.18278944989028&heading=189.90903824060484"
"Philadelphia, Pennsylvania, USA",Chestnut Street,0,30,7500.0,-75.18057750117939,39.95292177340684,99.19591407551502,189.19591407551505,9.19591407551502,idx0110_seg0_pt30_h189.jpg,gsv_sidewalk_250m\idx0110_seg0_pt30_h189.jpg,200,"https://www.google.com/maps/@?api=1&map_action=pano&viewpoint=39.95292177340684,-75.18057750117939&heading=189.19591407551505"
"Philadelphia, Pennsylvania, USA",Chestnut Street,0,31,7750.0,-75.17836058557316,39.952646650239885,98.77593363683876,188.7759336368388,8.775933636838772,idx0111_seg0_pt31_h189.jpg,gsv_sidewalk_250m\idx0111_seg0_pt31_h189.jpg,200,"https://www.google.com/maps/@?api=1&map_action=pano&viewpoint=39.952646650239885,-75.17836058557316&heading=188.7759336368388"
"Philadelphia, Pennsylvania, USA",Chestnut Street,0,32,8000.0,-75.17614132902166,39.952384017454776,98.93001283118356,188.93001283118355,8.930012831183546,idx0112_seg0_pt32_h189.jpg,gsv_sidewalk_250m\idx0112_seg0_pt32_h189.jpg,200,"https://www.google.com/maps/@?api=1&map_action=pano&viewpoint=39.952384017454776,-75.17614132902166&heading=188.93001283118355"
"Philadelphia, Pennsylvania, USA",Chestnut Street,0,33,8250.0,-75.17392281526902,39.95211678718703,99.12198275704714,189.12198275704716,9.121982757047135,idx0113_seg0_pt33_h189.jpg,gsv_sidewalk_250m\idx0113_seg0_pt33_h189.jpg,200,"https://www.google.com/maps/@?api=1&map_action=pano&viewpoint=39.95211678718703,-75.17392281526902&heading=189.12198275704716"
"Philadelphia, Pennsylvania, USA",Chestnut Street,0,34,8500.0,-75.17170556514358,39.95184386949126,99.22262576930764,189.22262576930763,9.222625769307626,idx0114_seg0_pt34_h189.jpg,gsv_sidewalk_250m\idx0114_seg0_pt34_h189.jpg,200,"https://www.google.com/maps/@?api=1&map_action=pano&viewpoint=39.95184386949126,-75.17170556514358&heading=189.22262576930763"
"Philadelphia, Pennsylvania, USA",Chestnut Street,0,35,8750.0,-75.16948884597355,39.95156795331231,99.26682742814512,189.26682742814512,9.26682742814512,idx0115_seg0_pt35_h189.jpg,gsv_sidewalk_250m\idx0115_seg0_pt35_h189.jpg,200,"https://www.google.com/maps/@?api=1&map_action=pano&viewpoint=39.95156795331231,-75.16948884597355&heading=189.26682742814512"
"Philadelphia, Pennsylvania, USA",Chestnut Street,0,36,9000.0,-75.16727238158214,39.95129072219458,99.22268518906424,189.22268518906424,9.222685189064237,idx0116_seg0_pt36_h189.jpg,gsv_sidewalk_250m\idx0116_seg0_pt36_h189.jpg,200,"https://www.google.com/maps/@?api=1&map_action=pano&viewpoint=39.95129072219458,-75.16727238158214&heading=189.22268518906424"
"Philadelphia, Pennsylvania, USA",Chestnut Street,0,37,9250.0,-75.16505567419307,39.95101480344192,99.22043356596409,189.22043356596407,9.220433565964072,idx0117_seg0_pt37_h189.jpg,gsv_sidewalk_250m\idx0117_seg0_pt37_h189.jpg,200,"https://www.google.com/maps/@?api=1&map_action=pano&viewpoint=39.95101480344192,-75.16505567419307&heading=189.22043356596407"
"Philadelphia, Pennsylvania, USA",Chestnut Street,0,38,9500.0,-75.16283906378946,39.95073896418583,99.22924329715944,189.22924329715943,9.229243297159428,idx0118_seg0_pt38_h189.jpg,gsv_sidewalk_250m\idx0118_seg0_pt38_h189.jpg,200,"https://www.google.com/maps/@?api=1&map_action=pano&viewpoint=39.95073896418583,-75.16283906378946&heading=189.22924329715943"
"Philadelphia, Pennsylvania, USA",Chestnut Street,0,39,9750.0,-75.16062237492007,39.95046284587659,99.22300681194582,189.22300681194585,9.223006811945822,idx0119_seg0_pt39_h189.jpg,gsv_sidewalk_250m\idx0119_seg0_pt39_h189.jpg,200,"https://www.google.com/maps/@?api=1&map_action=pano&viewpoint=39.95046284587659,-75.16062237492007&heading=189.22300681194585"
"Philadelphia, Pennsylvania, USA",Chestnut Street,0,40,10000.0,-75.15840562443081,39.95018690862887,99.30047683497486,189.3004768349749,9.30047683497486,idx0120_seg0_pt40_h189.jpg,gsv_sidewalk_250m\idx0120_seg0_pt40_h189.jpg,200,"https://www.google.com/maps/@?api=1&map_action=pano&viewpoint=39.95018690862887,-75.15840562443081&heading=189.3004768349749"
"Philadelphia, Pennsylvania, USA",Chestnut Street,0,41,10250.0,-75.15618952626922,39.949908693325305,99.19186072121568,189.19186072121568,9.191860721215676,idx0121_seg0_pt41_h189.jpg,gsv_sidewalk_250m\idx0121_seg0_pt41_h189.jpg,200,"https://www.google.com/maps/@?api=1&map_action=pano&viewpoint=39.949908693325305,-75.15618952626922&heading=189.19186072121568"
"Philadelphia, Pennsylvania, USA",Chestnut Street,0,42,10500.0,-75.15397266865546,39.949633688613126,99.13401279152652,189.1340127915265,9.134012791526516,idx0122_seg0_pt42_h189.jpg,gsv_sidewalk_250m\idx0122_seg0_pt42_h189.jpg,200,"https://www.google.com/maps/@?api=1&map_action=pano&viewpoint=39.949633688613126,-75.15397266865546&heading=189.1340127915265"
"Philadelphia, Pennsylvania, USA",Chestnut Street,0,43,10750.0,-75.15175549505106,39.9493604043377,99.07151385946725,189.07151385946725,9.071513859467244,idx0123_seg0_pt43_h189.jpg,gsv_sidewalk_250m\idx0123_seg0_pt43_h189.jpg,200,"https://www.google.com/maps/@?api=1&map_action=pano&viewpoint=39.9493604043377,-75.15175549505106&heading=189.07151385946725"
"Philadelphia, Pennsylvania, USA",Chestnut Street,0,44,11000.0,-75.14953818330247,39.9490890037331,99.18103073983087,189.18103073983087,9.181030739830874,idx0124_seg0_pt44_h189.jpg,gsv_sidewalk_250m\idx0124_seg0_pt44_h189.jpg,200,"https://www.google.com/maps/@?api=1&map_action=pano&viewpoint=39.9490890037331,-75.14953818330247&heading=189.18103073983087"
"Philadelphia, Pennsylvania, USA",Chestnut Street,0,45,11250.0,-75.14732126970303,39.94881431842466,99.74449049011326,189.7444904901133,9.744490490113265,idx0125_seg0_pt45_h190.jpg,gsv_sidewalk_250m\idx0125_seg0_pt45_h190.jpg,200,"https://www.google.com/maps/@?api=1&map_action=pano&viewpoint=39.94881431842466,-75.14732126970303&heading=189.7444904901133"
"Philadelphia, Pennsylvania, USA",Chestnut Street,0,46,11500.0,-75.14510808498606,39.948522944872174,99.52120196074884,189.52120196074884,9.52120196074884,idx0126_seg0_pt46_h190.jpg,gsv_sidewalk_250m\idx0126_seg0_pt46_h190.jpg,200,"https://www.google.com/maps/@?api=1&map_action=pano&viewpoint=39.948522944872174,-75.14510808498606&heading=189.52120196074884"
"Philadelphia, Pennsylvania, USA",Chestnut Street,0,47,11750.0,-75.14289326874427,39.948238162959335,99.52120196074884,189.52120196074884,9.52120196074884,idx0127_seg0_pt47_h190.jpg,gsv_sidewalk_250m\idx0127_seg0_pt47_h190.jpg,200,"https://www.google.com/maps/@?api=1&map_action=pano&viewpoint=39.948238162959335,-75.14289326874427&heading=189.52120196074884"
"Philadelphia, Pennsylvania, USA",Walnut Street,0,0,0.0,-75.18558860065002,39.95201562080295,279.27802279284947,9.27802279284947,189.27802279284947,idx0128_seg0_pt0_h9.jpg,gsv_sidewalk_250m\idx0128_seg0_pt0_h9.jpg,200,"https://www.google.com/maps/@?api=1&map_action=pano&viewpoint=39.95201562080295,-75.18558860065002&heading=9.27802279284947"
"Philadelphia, Pennsylvania, USA",Walnut Street,0,1,250.0,-75.18780500126657,39.95229318184177,279.22799734912263,9.227997349122631,189.22799734912263,idx0129_seg0_pt1_h9.jpg,gsv_sidewalk_250m\idx0129_seg0_pt1_h9.jpg,200,"https://www.google.com/maps/@?api=1&map_action=pano&viewpoint=39.95229318184177,-75.18780500126657&heading=9.227997349122631"
"Philadelphia, Pennsylvania, USA",Walnut Street,0,2,500.0,-75.19002169818916,39.9525692558379,279.22029893388265,9.220298933882646,189.22029893388265,idx0130_seg0_pt2_h9.jpg,gsv_sidewalk_250m\idx0130_seg0_pt2_h9.jpg,200,"https://www.google.com/maps/@?api=1&map_action=pano&viewpoint=39.9525692558379,-75.19002169818916&heading=9.220298933882646"
"Philadelphia, Pennsylvania, USA",Walnut Street,0,3,750.0,-75.19223840103004,39.95284509511758,279.25858897245143,9.258588972451436,189.25858897245143,idx0131_seg0_pt3_h9.jpg,gsv_sidewalk_250m\idx0131_seg0_pt3_h9.jpg,200,"https://www.google.com/maps/@?api=1&map_action=pano&viewpoint=39.95284509511758,-75.19223840103004&heading=9.258588972451436"
"Philadelphia, Pennsylvania, USA",Walnut Street,0,4,1000.0,-75.19445492908635,39.95312207708597,279.1362696465926,9.13626964659261,189.1362696465926,idx0132_seg0_pt4_h9.jpg,gsv_sidewalk_250m\idx0132_seg0_pt4_h9.jpg,200,"https://www.google.com/maps/@?api=1&map_action=pano&viewpoint=39.95312207708597,-75.19445492908635&heading=9.13626964659261"
"Philadelphia, Pennsylvania, USA",Walnut Street,0,5,1250.0,-75.19667217701424,39.95339542417335,279.20178432382147,9.201784323821473,189.20178432382147,idx0133_seg0_pt5_h9.jpg,gsv_sidewalk_250m\idx0133_seg0_pt5_h9.jpg,200,"https://www.google.com/maps/@?api=1&map_action=pano&viewpoint=39.95339542417335,-75.19667217701424&heading=9.201784323821473"
"Philadelphia, Pennsylvania, USA",Walnut Street,0,6,1500.0,-75.1988889866894,39.95367070985312,279.1427518801167,9.142751880116691,189.1427518801167,idx0134_seg0_pt6_h9.jpg,gsv_sidewalk_250m\idx0134_seg0_pt6_h9.jpg,200,"https://www.google.com/maps/@?api=1&map_action=pano&viewpoint=39.95367070985312,-75.1988889866894&heading=9.142751880116691"
"Philadelphia, Pennsylvania, USA",Walnut Street,0,7,1750.0,-75.2011062141276,39.95394424948989,279.2143964971921,9.214396497192126,189.21439649719213,idx0135_seg0_pt7_h9.jpg,gsv_sidewalk_250m\idx0135_seg0_pt7_h9.jpg,200,"https://www.google.com/maps/@?api=1&map_action=pano&viewpoint=39.95394424948989,-75.2011062141276&heading=9.214396497192126"
"Philadelphia, Pennsylvania, USA",Walnut Street,0,8,2000.0,-75.20332293126403,39.954219905342754,279.2259795962256,9.225979596225557,189.2259795962256,idx0136_seg0_pt8_h9.jpg,gsv_sidewalk_250m\idx0136_seg0_pt8_h9.jpg,200,"https://www.google.com/maps/@?api=1&map_action=pano&viewpoint=39.954219905342754,-75.20332293126403&heading=9.225979596225557"
"Philadelphia, Pennsylvania, USA",Walnut Street,0,9,2250.0,-75.20553966562612,39.95449591480395,279.1989234644415,9.19892346444152,189.19892346444152,idx0137_seg0_pt9_h9.jpg,gsv_sidewalk_250m\idx0137_seg0_pt9_h9.jpg,200,"https://www.google.com/maps/@?api=1&map_action=pano&viewpoint=39.95449591480395,-75.20553966562612&heading=9.19892346444152"
"Philadelphia, Pennsylvania, USA",Walnut Street,0,10,2500.0,-75.20775656662293,39.954771120316536,278.9359365733667,8.93593657336669,188.9359365733667,idx0138_seg0_pt10_h9.jpg,gsv_sidewalk_250m\idx0138_seg0_pt10_h9.jpg,200,"https://www.google.com/maps/@?api=1&map_action=pano&viewpoint=39.954771120316536,-75.20775656662293&heading=8.93593657336669"
"Philadelphia, Pennsylvania, USA",Walnut Street,0,11,2750.0,-75.2099749029316,39.95503849899305,279.1623852450026,9.16238524500261,189.1623852450026,idx0139_seg0_pt11_h9.jpg,gsv_sidewalk_250m\idx0139_seg0_pt11_h9.jpg,200,"https://www.google.com/maps/@?api=1&map_action=pano&viewpoint=39.95503849899305,-75.2099749029316&heading=9.16238524500261"
"Philadelphia, Pennsylvania, USA",Walnut Street,0,12,3000.0,-75.21219199573513,39.95531261403011,279.4635722098834,9.46357220988341,189.4635722098834,idx0140_seg0_pt12_h9.jpg,gsv_sidewalk_250m\idx0140_seg0_pt12_h9.jpg,200,"https://www.google.com/maps/@?api=1&map_action=pano&viewpoint=39.95531261403011,-75.21219199573513&heading=9.46357220988341"
"Philadelphia, Pennsylvania, USA",Walnut Street,0,13,3250.0,-75.21440711551513,39.955595649885325,279.1629888055072,9.162988805507212,189.1629888055072,idx0141_seg0_pt13_h9.jpg,gsv_sidewalk_250m\idx0141_seg0_pt13_h9.jpg,200,"https://www.google.com/maps/@?api=1&map_action=pano&viewpoint=39.955595649885325,-75.21440711551513&heading=9.162988805507212"
"Philadelphia, Pennsylvania, USA",Walnut Street,0,14,3500.0,-75.21662418032948,39.95586977759697,279.2552983786163,9.255298378616317,189.25529837861632,idx0142_seg0_pt14_h9.jpg,gsv_sidewalk_250m\idx0142_seg0_pt14_h9.jpg,200,"https://www.google.com/maps/@?api=1&map_action=pano&viewpoint=39.95586977759697,-75.21662418032948&heading=9.255298378616317"
"Philadelphia, Pennsylvania, USA",Walnut Street,0,15,3750.0,-75.21884072677094,39.9561466494412,279.1966517303194,9.196651730319388,189.1966517303194,idx0143_seg0_pt15_h9.jpg,gsv_sidewalk_250m\idx0143_seg0_pt15_h9.jpg,200,"https://www.google.com/maps/@?api=1&map_action=pano&viewpoint=39.9561466494412,-75.21884072677094&heading=9.196651730319388"
"Philadelphia, Pennsylvania, USA",Walnut Street,0,16,4000.0,-75.22105764672378,39.95642178152013,279.1949760635904,9.194976063590389,189.1949760635904,idx0144_seg0_pt16_h9.jpg,gsv_sidewalk_250m\idx0144_seg0_pt16_h9.jpg,200,"https://www.google.com/maps/@?api=1&map_action=pano&viewpoint=39.95642178152013,-75.22105764672378&heading=9.194976063590389"
"Philadelphia, Pennsylvania, USA",Walnut Street,0,17,4250.0,-75.22327457714634,39.95669686279015,279.18311863158124,9.183118631581236,189.18311863158124,idx0145_seg0_pt17_h9.jpg,gsv_sidewalk_250m\idx0145_seg0_pt17_h9.jpg,200,"https://www.google.com/maps/@?api=1&map_action=pano&viewpoint=39.95669686279015,-75.22327457714634&heading=9.183118631581236"
"Philadelphia, Pennsylvania, USA",Walnut Street,0,18,4500.0,-75.22549158161578,39.956971591246486,279.171196372332,9.17119637233202,189.171196372332,idx0146_seg0_pt18_h9.jpg,gsv_sidewalk_250m\idx0146_seg0_pt18_h9.jpg,200,"https://www.google.com/maps/@?api=1&map_action=pano&viewpoint=39.956971591246486,-75.22549158161578&heading=9.17119637233202"
"Philadelphia, Pennsylvania, USA",Walnut Street,0,19,4750.0,-75.2277086605571,39.95724596497304,279.2004096369978,9.20040963699779,189.2004096369978,idx0147_seg0_pt19_h9.jpg,gsv_sidewalk_250m\idx0147_seg0_pt19_h9.jpg,200,"https://www.google.com/maps/@?api=1&map_action=pano&viewpoint=39.95724596497304,-75.2277086605571&heading=9.20040963699779"
"Philadelphia, Pennsylvania, USA",Walnut Street,0,20,5000.0,-75.22992555692089,39.95752120407779,279.19829081022203,9.198290810222034,189.19829081022203,idx0148_seg0_pt20_h9.jpg,gsv_sidewalk_250m\idx0148_seg0_pt20_h9.jpg,200,"https://www.google.com/maps/@?api=1&map_action=pano&viewpoint=39.95752120407779,-75.22992555692089&heading=9.198290810222034"
"Philadelphia, Pennsylvania, USA",Walnut Street,0,21,5250.0,-75.23214246656252,39.95779637923403,279.1983074934867,9.198307493486707,189.1983074934867,idx0149_seg0_pt21_h9.jpg,gsv_sidewalk_250m\idx0149_seg0_pt21_h9.jpg,200,"https://www.google.com/maps/@?api=1&map_action=pano&viewpoint=39.95779637923403,-75.23214246656252&heading=9.198307493486707"
"Philadelphia, Pennsylvania, USA",Walnut Street,0,22,5500.0,-75.23435937610513,39.95807155377848,279.19995327409924,9.199953274099244,189.19995327409924,idx0150_seg0_pt22_h9.jpg,gsv_sidewalk_250m\idx0150_seg0_pt22_h9.jpg,200,"https://www.google.com/maps/@?api=1&map_action=pano&viewpoint=39.95807155377848,-75.23435937610513&heading=9.199953274099244"
"Philadelphia, Pennsylvania, USA",Walnut Street,0,23,5750.0,-75.2365762753609,39.95834677602954,279.20079705811406,9.200797058114064,189.2007970581141,idx0151_seg0_pt23_h9.jpg,gsv_sidewalk_250m\idx0151_seg0_pt23_h9.jpg,200,"https://www.google.com/maps/@?api=1&map_action=pano&viewpoint=39.95834677602954,-75.2365762753609&heading=9.200797058114064"
"Philadelphia, Pennsylvania, USA",Walnut Street,0,24,6000.0,-75.2387931693229,39.95862202219704,279.1655911824299,9.16559118242992,189.16559118242992,idx0152_seg0_pt24_h9.jpg,gsv_sidewalk_250m\idx0152_seg0_pt24_h9.jpg,200,"https://www.google.com/maps/@?api=1&map_action=pano&viewpoint=39.95862202219704,-75.2387931693229&heading=9.16559118242992"
"Philadelphia, Pennsylvania, USA",Walnut Street,0,25,6250.0,-75.24101027434676,39.95889622194584,279.1521769287773,9.152176928777353,189.15217692877732,idx0153_seg0_pt25_h9.jpg,gsv_sidewalk_250m\idx0153_seg0_pt25_h9.jpg,200,"https://www.google.com/maps/@?api=1&map_action=pano&viewpoint=39.95889622194584,-75.24101027434676&heading=9.152176928777353"
"Philadelphia, Pennsylvania, USA",Walnut Street,0,26,6500.0,-75.2432274722453,39.9591700238495,279.15292805629736,9.152928056297355,189.15292805629736,idx0154_seg0_pt26_h9.jpg,gsv_sidewalk_250m\idx0154_seg0_pt26_h9.jpg,200,"https://www.google.com/maps/@?api=1&map_action=pano&viewpoint=39.9591700238495,-75.2432274722453&heading=9.152928056297355"
"Philadelphia, Pennsylvania, USA",Walnut Street,0,27,6750.0,-75.24544466532515,39.95944384691967,279.15292805629736,9.152928056297355,189.15292805629736,idx0155_seg0_pt27_h9.jpg,gsv_sidewalk_250m\idx0155_seg0_pt27_h9.jpg,200,"https://www.google.com/maps/@?api=1&map_action=pano&viewpoint=39.95944384691967,-75.24544466532515&heading=9.152928056297355"
"Philadelphia, Pennsylvania, USA",Walnut Street,1,0,0.0,-75.18527519999999,39.9535328,0.0,90.0,270.0,idx0156_seg1_pt0_h90.jpg,gsv_sidewalk_250m\idx0156_seg1_pt0_h90.jpg,200,"https://www.google.com/maps/@?api=1&map_action=pano&viewpoint=39.9535328,-75.18527519999999&heading=90.0"
"Philadelphia, Pennsylvania, USA",Walnut Street,2,0,0.0,-75.18558860065002,39.95201562080295,0.0,90.0,270.0,idx0157_seg2_pt0_h90.jpg,gsv_sidewalk_250m\idx0157_seg2_pt0_h90.jpg,200,"https://www.google.com/maps/@?api=1&map_action=pano&viewpoint=39.95201562080295,-75.18558860065002&heading=90.0"
"Philadelphia, Pennsylvania, USA",Walnut Street,3,0,0.0,-75.142806,39.946641,280.46080379176766,10.46080379176766,190.4608037917677,idx0158_seg3_pt0_h10.jpg,gsv_sidewalk_250m\idx0158_seg3_pt0_h10.jpg,200,"https://www.google.com/maps/@?api=1&map_action=pano&viewpoint=39.946641,-75.142806&heading=10.46080379176766"
"Philadelphia, Pennsylvania, USA",Walnut Street,3,1,250.0,-75.14501419897479,39.94695356195097,279.838395313986,9.838395313985984,189.838395313986,idx0159_seg3_pt1_h10.jpg,gsv_sidewalk_250m\idx0159_seg3_pt1_h10.jpg,200,"https://www.google.com/maps/@?api=1&map_action=pano&viewpoint=39.94695356195097,-75.14501419897479&heading=9.838395313985984"
"Philadelphia, Pennsylvania, USA",Walnut Street,3,2,500.0,-75.14722692943248,39.9472477454297,279.3787123235776,9.378712323577588,189.3787123235776,idx0160_seg3_pt2_h9.jpg,gsv_sidewalk_250m\idx0160_seg3_pt2_h9.jpg,200,"https://www.google.com/maps/@?api=1&map_action=pano&viewpoint=39.9472477454297,-75.14722692943248&heading=9.378712323577588"
"Philadelphia, Pennsylvania, USA",Walnut Street,3,3,750.0,-75.1494425202921,39.94752828990708,278.6737817265152,8.67378172651513,188.67378172651516,idx0161_seg3_pt3_h9.jpg,gsv_sidewalk_250m\idx0161_seg3_pt3_h9.jpg,200,"https://www.google.com/maps/@?api=1&map_action=pano&viewpoint=39.94752828990708,-75.1494425202921&heading=8.67378172651513"
"Philadelphia, Pennsylvania, USA",Walnut Street,3,4,1000.0,-75.15166230602527,39.94778789847243,279.15329257220606,9.153292572206055,189.15329257220608,idx0162_seg3_pt4_h9.jpg,gsv_sidewalk_250m\idx0162_seg3_pt4_h9.jpg,200,"https://www.google.com/maps/@?api=1&map_action=pano&viewpoint=39.94778789847243,-75.15166230602527&heading=9.153292572206055"
"Philadelphia, Pennsylvania, USA",Walnut Street,3,5,1250.0,-75.15387943754448,39.9480617706057,279.0758349802573,9.075834980257357,189.07583498025733,idx0163_seg3_pt5_h9.jpg,gsv_sidewalk_250m\idx0163_seg3_pt5_h9.jpg,200,"https://www.google.com/maps/@?api=1&map_action=pano&viewpoint=39.9480617706057,-75.15387943754448&heading=9.075834980257357"
"Philadelphia, Pennsylvania, USA",Walnut Street,3,6,1500.0,-75.15609703399319,39.948333341618834,279.2806091775307,9.28060917753072,189.28060917753072,idx0164_seg3_pt6_h9.jpg,gsv_sidewalk_250m\idx0164_seg3_pt6_h9.jpg,200,"https://www.google.com/maps/@?api=1&map_action=pano&viewpoint=39.948333341618834,-75.15609703399319&heading=9.28060917753072"
"Philadelphia, Pennsylvania, USA",Walnut Street,3,7,1750.0,-75.15831341536723,39.94861099393741,279.21506405053526,9.21506405053526,189.2150640505353,idx0165_seg3_pt7_h9.jpg,gsv_sidewalk_250m\idx0165_seg3_pt7_h9.jpg,200,"https://www.google.com/maps/@?api=1&map_action=pano&viewpoint=39.94861099393741,-75.15831341536723&heading=9.21506405053526"
"Philadelphia, Pennsylvania, USA",Walnut Street,3,8,2000.0,-75.16053019913015,39.94888669989128,279.24077019356986,9.240770193569858,189.24077019356983,idx0166_seg3_pt8_h9.jpg,gsv_sidewalk_250m\idx0166_seg3_pt8_h9.jpg,200,"https://www.google.com/maps/@?api=1&map_action=pano&viewpoint=39.94888669989128,-75.16053019913015&heading=9.240770193569858"
"Philadelphia, Pennsylvania, USA",Walnut Street,3,9,2250.0,-75.16274677828208,39.94916316179459,279.4034713236412,9.403471323641156,189.4034713236412,idx0167_seg3_pt9_h9.jpg,gsv_sidewalk_250m\idx0167_seg3_pt9_h9.jpg,200,"https://www.google.com/maps/@?api=1&map_action=pano&viewpoint=39.94916316179459,-75.16274677828208&heading=9.403471323641156"
"Philadelphia, Pennsylvania, USA",Walnut Street,3,10,2500.0,-75.16496210771633,39.94944441926787,279.3552500103121,9.35525001031209,189.3552500103121,idx0168_seg3_pt10_h9.jpg,gsv_sidewalk_250m\idx0168_seg3_pt10_h9.jpg,200,"https://www.google.com/maps/@?api=1&map_action=pano&viewpoint=39.94944441926787,-75.16496210771633&heading=9.35525001031209"
"Philadelphia, Pennsylvania, USA",Walnut Street,3,11,2750.0,-75.16717800541043,39.94972427904038,279.3754002579481,9.375400257948115,189.3754002579481,idx0169_seg3_pt11_h9.jpg,gsv_sidewalk_250m\idx0169_seg3_pt11_h9.jpg,200,"https://www.google.com/maps/@?api=1&map_action=pano&viewpoint=39.94972427904038,-75.16717800541043&heading=9.375400257948115"
"Philadelphia, Pennsylvania, USA",Walnut Street,3,12,3000.0,-75.16939361234407,39.9500047145352,279.0367016296467,9.0367016296467,189.0367016296467,idx0170_seg3_pt12_h9.jpg,gsv_sidewalk_250m\idx0170_seg3_pt12_h9.jpg,200,"https://www.google.com/maps/@?api=1&map_action=pano&viewpoint=39.9500047145352,-75.16939361234407&heading=9.0367016296467"
"Philadelphia, Pennsylvania, USA",Walnut Street,3,13,3250.0,-75.17161147006787,39.9502751190716,279.1994968593305,9.199496859330509,189.1994968593305,idx0171_seg3_pt13_h9.jpg,gsv_sidewalk_250m\idx0171_seg3_pt13_h9.jpg,200,"https://www.google.com/maps/@?api=1&map_action=pano&viewpoint=39.9502751190716,-75.17161147006787&heading=9.199496859330509"
"Philadelphia, Pennsylvania, USA",Walnut Street,3,14,3500.0,-75.17382829761576,39.95055034990229,279.27795356294644,9.277953562946436,189.27795356294644,idx0172_seg3_pt14_h9.jpg,gsv_sidewalk_250m\idx0172_seg3_pt14_h9.jpg,200,"https://www.google.com/maps/@?api=1&map_action=pano&viewpoint=39.95055034990229,-75.17382829761576&heading=9.277953562946436"
"Philadelphia, Pennsylvania, USA",Walnut Street,3,15,3750.0,-75.17604462065138,39.95082790506369,279.3113671791281,9.311367179128126,189.31136717912813,idx0173_seg3_pt15_h9.jpg,gsv_sidewalk_250m\idx0173_seg3_pt15_h9.jpg,200,"https://www.google.com/maps/@?api=1&map_action=pano&viewpoint=39.95082790506369,-75.17604462065138&heading=9.311367179128126"
"Philadelphia, Pennsylvania, USA",Walnut Street,3,16,4000.0,-75.17826071842066,39.95110644815289,279.535103151633,9.535103151632995,189.535103151633,idx0174_seg3_pt16_h10.jpg,gsv_sidewalk_250m\idx0174_seg3_pt16_h10.jpg,200,"https://www.google.com/maps/@?api=1&map_action=pano&viewpoint=39.95110644815289,-75.17826071842066&heading=9.535103151632995"
"Philadelphia, Pennsylvania, USA",Walnut Street,3,17,4250.0,-75.18047529779135,39.95139161116535,279.18873173934475,9.188731739344746,189.18873173934475,idx0175_seg3_pt17_h9.jpg,gsv_sidewalk_250m\idx0175_seg3_pt17_h9.jpg,200,"https://www.google.com/maps/@?api=1&map_action=pano&viewpoint=39.95139161116535,-75.18047529779135&heading=9.188731739344746"
"Philadelphia, Pennsylvania, USA",Walnut Street,3,18,4500.0,-75.18269226297784,39.95166652691359,278.8339437146653,8.833943714665281,188.83394371466528,idx0176_seg3_pt18_h9.jpg,gsv_sidewalk_250m\idx0176_seg3_pt18_h9.jpg,200,"https://www.google.com/maps/@?api=1&map_action=pano&viewpoint=39.95166652691359,-75.18269226297784&heading=8.833943714665281"
"Philadelphia, Pennsylvania, USA",Walnut Street,3,19,4750.0,-75.18491128438012,39.95193089821977,278.8339437146653,8.833943714665281,188.83394371466528,idx0177_seg3_pt19_h9.jpg,gsv_sidewalk_250m\idx0177_seg3_pt19_h9.jpg,200,"https://www.google.com/maps/@?api=1&map_action=pano&viewpoint=39.95193089821977,-75.18491128438012&heading=8.833943714665281"
